rank,feature_id,token,active_mean_base,active_mean_chat,active_mean_diff,link
1,52951,endheader,10.464585304260254,2.216594934463501,-8.247990608215332,https://www.neuronpedia.org/llama3.1-8b/15-llamascope-res-131k/52951
1,11481,newline,8.0625,0.0,-8.0625,https://www.neuronpedia.org/llama3.1-8b/15-llamascope-res-131k/11481
2,98290,newline,7.979009628295898,0.0,-7.979009628295898,https://www.neuronpedia.org/llama3.1-8b/15-llamascope-res-131k/98290
3,109981,newline,7.875,0.0,-7.875,https://www.neuronpedia.org/llama3.1-8b/15-llamascope-res-131k/109981
4,52951,newline,7.78125,0.0,-7.78125,https://www.neuronpedia.org/llama3.1-8b/15-llamascope-res-131k/52951
1,99095,asst,10.0625,2.421875,-7.640625,https://www.neuronpedia.org/llama3.1-8b/15-llamascope-res-131k/99095
2,99095,endheader,10.0625,2.421875,-7.640625,https://www.neuronpedia.org/llama3.1-8b/15-llamascope-res-131k/99095
5,99095,newline,10.0625,2.421875,-7.640625,https://www.neuronpedia.org/llama3.1-8b/15-llamascope-res-131k/99095
6,95488,newline,7.53125,0.0,-7.53125,https://www.neuronpedia.org/llama3.1-8b/15-llamascope-res-131k/95488
7,13758,newline,7.375,0.0,-7.375,https://www.neuronpedia.org/llama3.1-8b/15-llamascope-res-131k/13758
3,38777,endheader,6.078434467315674,0.0,-6.078434467315674,https://www.neuronpedia.org/llama3.1-8b/15-llamascope-res-131k/38777
8,3938,newline,6.0,0.0,-6.0,https://www.neuronpedia.org/llama3.1-8b/15-llamascope-res-131k/3938
4,120766,endheader,5.816289901733398,0.0,-5.816289901733398,https://www.neuronpedia.org/llama3.1-8b/15-llamascope-res-131k/120766
9,70018,newline,5.75,0.0,-5.75,https://www.neuronpedia.org/llama3.1-8b/15-llamascope-res-131k/70018
2,35641,asst,5.6875,0.0,-5.6875,https://www.neuronpedia.org/llama3.1-8b/15-llamascope-res-131k/35641
3,23940,asst,8.88570499420166,3.2477006912231445,-5.638004302978516,https://www.neuronpedia.org/llama3.1-8b/15-llamascope-res-131k/23940
10,21022,newline,5.543928623199463,0.0,-5.543928623199463,https://www.neuronpedia.org/llama3.1-8b/15-llamascope-res-131k/21022
11,106598,newline,5.53125,0.0,-5.53125,https://www.neuronpedia.org/llama3.1-8b/15-llamascope-res-131k/106598
4,106598,asst,5.53125,0.0,-5.53125,https://www.neuronpedia.org/llama3.1-8b/15-llamascope-res-131k/106598
5,106598,endheader,5.53125,0.0,-5.53125,https://www.neuronpedia.org/llama3.1-8b/15-llamascope-res-131k/106598
5,52951,asst,5.520833492279053,0.0,-5.520833492279053,https://www.neuronpedia.org/llama3.1-8b/15-llamascope-res-131k/52951
6,41864,asst,7.782339572906494,2.32066011428833,-5.461679458618164,https://www.neuronpedia.org/llama3.1-8b/15-llamascope-res-131k/41864
6,5106,endheader,5.4375,0.0,-5.4375,https://www.neuronpedia.org/llama3.1-8b/15-llamascope-res-131k/5106
7,5106,asst,5.4375,0.0,-5.4375,https://www.neuronpedia.org/llama3.1-8b/15-llamascope-res-131k/5106
12,5106,newline,5.4375,0.0,-5.4375,https://www.neuronpedia.org/llama3.1-8b/15-llamascope-res-131k/5106
8,41086,asst,5.40625,0.0,-5.40625,https://www.neuronpedia.org/llama3.1-8b/15-llamascope-res-131k/41086
7,74634,endheader,5.3125,0.0,-5.3125,https://www.neuronpedia.org/llama3.1-8b/15-llamascope-res-131k/74634
13,74634,newline,5.3125,0.0,-5.3125,https://www.neuronpedia.org/llama3.1-8b/15-llamascope-res-131k/74634
9,74634,asst,5.3125,0.0,-5.3125,https://www.neuronpedia.org/llama3.1-8b/15-llamascope-res-131k/74634
14,10511,newline,5.21875,0.0,-5.21875,https://www.neuronpedia.org/llama3.1-8b/15-llamascope-res-131k/10511
15,121669,newline,5.21875,0.0,-5.21875,https://www.neuronpedia.org/llama3.1-8b/15-llamascope-res-131k/121669
12,10511,asst,5.21875,0.0,-5.21875,https://www.neuronpedia.org/llama3.1-8b/15-llamascope-res-131k/10511
9,10511,endheader,5.21875,0.0,-5.21875,https://www.neuronpedia.org/llama3.1-8b/15-llamascope-res-131k/10511
10,85282,asst,5.21875,0.0,-5.21875,https://www.neuronpedia.org/llama3.1-8b/15-llamascope-res-131k/85282
8,121669,endheader,5.21875,0.0,-5.21875,https://www.neuronpedia.org/llama3.1-8b/15-llamascope-res-131k/121669
11,121669,asst,5.21875,0.0,-5.21875,https://www.neuronpedia.org/llama3.1-8b/15-llamascope-res-131k/121669
13,13432,asst,5.1875,0.0,-5.1875,https://www.neuronpedia.org/llama3.1-8b/15-llamascope-res-131k/13432
14,49994,asst,5.15625,0.0,-5.15625,https://www.neuronpedia.org/llama3.1-8b/15-llamascope-res-131k/49994
17,98583,newline,5.125,0.0,-5.125,https://www.neuronpedia.org/llama3.1-8b/15-llamascope-res-131k/98583
10,126898,endheader,5.125,0.0,-5.125,https://www.neuronpedia.org/llama3.1-8b/15-llamascope-res-131k/126898
16,98583,asst,5.125,0.0,-5.125,https://www.neuronpedia.org/llama3.1-8b/15-llamascope-res-131k/98583
15,126898,asst,5.125,0.0,-5.125,https://www.neuronpedia.org/llama3.1-8b/15-llamascope-res-131k/126898
16,126898,newline,5.125,0.0,-5.125,https://www.neuronpedia.org/llama3.1-8b/15-llamascope-res-131k/126898
11,98583,endheader,5.125,0.0,-5.125,https://www.neuronpedia.org/llama3.1-8b/15-llamascope-res-131k/98583
18,113810,newline,5.125,0.0,-5.125,https://www.neuronpedia.org/llama3.1-8b/15-llamascope-res-131k/113810
20,114717,newline,5.0625,0.0,-5.0625,https://www.neuronpedia.org/llama3.1-8b/15-llamascope-res-131k/114717
17,114535,asst,5.0625,0.0,-5.0625,https://www.neuronpedia.org/llama3.1-8b/15-llamascope-res-131k/114535
12,114535,endheader,5.0625,0.0,-5.0625,https://www.neuronpedia.org/llama3.1-8b/15-llamascope-res-131k/114535
19,114535,newline,5.0625,0.0,-5.0625,https://www.neuronpedia.org/llama3.1-8b/15-llamascope-res-131k/114535
18,9787,asst,5.03125,0.0,-5.03125,https://www.neuronpedia.org/llama3.1-8b/15-llamascope-res-131k/9787
21,52663,newline,5.0,0.0,-5.0,https://www.neuronpedia.org/llama3.1-8b/15-llamascope-res-131k/52663
19,52663,asst,5.0,0.0,-5.0,https://www.neuronpedia.org/llama3.1-8b/15-llamascope-res-131k/52663
13,52663,endheader,5.0,0.0,-5.0,https://www.neuronpedia.org/llama3.1-8b/15-llamascope-res-131k/52663
20,17180,asst,4.9375,0.0,-4.9375,https://www.neuronpedia.org/llama3.1-8b/15-llamascope-res-131k/17180
21,52539,asst,4.90625,0.0,-4.90625,https://www.neuronpedia.org/llama3.1-8b/15-llamascope-res-131k/52539
14,94042,endheader,4.875,0.0,-4.875,https://www.neuronpedia.org/llama3.1-8b/15-llamascope-res-131k/94042
22,94042,asst,4.875,0.0,-4.875,https://www.neuronpedia.org/llama3.1-8b/15-llamascope-res-131k/94042
22,94042,newline,4.875,0.0,-4.875,https://www.neuronpedia.org/llama3.1-8b/15-llamascope-res-131k/94042
15,97715,endheader,4.84375,0.0,-4.84375,https://www.neuronpedia.org/llama3.1-8b/15-llamascope-res-131k/97715
23,97715,asst,4.84375,0.0,-4.84375,https://www.neuronpedia.org/llama3.1-8b/15-llamascope-res-131k/97715
24,97715,newline,4.84375,0.0,-4.84375,https://www.neuronpedia.org/llama3.1-8b/15-llamascope-res-131k/97715
23,54553,newline,4.84375,0.0,-4.84375,https://www.neuronpedia.org/llama3.1-8b/15-llamascope-res-131k/54553
25,80563,newline,4.75,0.0,-4.75,https://www.neuronpedia.org/llama3.1-8b/15-llamascope-res-131k/80563
16,93478,endheader,4.71875,0.0,-4.71875,https://www.neuronpedia.org/llama3.1-8b/15-llamascope-res-131k/93478
26,18721,newline,4.6875,0.0,-4.6875,https://www.neuronpedia.org/llama3.1-8b/15-llamascope-res-131k/18721
17,18721,endheader,4.6875,0.0,-4.6875,https://www.neuronpedia.org/llama3.1-8b/15-llamascope-res-131k/18721
24,18721,asst,4.6875,0.0,-4.6875,https://www.neuronpedia.org/llama3.1-8b/15-llamascope-res-131k/18721
18,50785,endheader,4.65625,0.0,-4.65625,https://www.neuronpedia.org/llama3.1-8b/15-llamascope-res-131k/50785
25,50785,asst,4.65625,0.0,-4.65625,https://www.neuronpedia.org/llama3.1-8b/15-llamascope-res-131k/50785
27,50785,newline,4.65625,0.0,-4.65625,https://www.neuronpedia.org/llama3.1-8b/15-llamascope-res-131k/50785
29,33800,newline,4.59375,0.0,-4.59375,https://www.neuronpedia.org/llama3.1-8b/15-llamascope-res-131k/33800
28,63150,newline,4.59375,0.0,-4.59375,https://www.neuronpedia.org/llama3.1-8b/15-llamascope-res-131k/63150
19,79197,endheader,8.375,3.78515625,-4.58984375,https://www.neuronpedia.org/llama3.1-8b/15-llamascope-res-131k/79197
30,45241,newline,4.5625,0.0,-4.5625,https://www.neuronpedia.org/llama3.1-8b/15-llamascope-res-131k/45241
31,120766,newline,4.53125,0.0,-4.53125,https://www.neuronpedia.org/llama3.1-8b/15-llamascope-res-131k/120766
26,120766,asst,4.53125,0.0,-4.53125,https://www.neuronpedia.org/llama3.1-8b/15-llamascope-res-131k/120766
27,32386,asst,4.490499973297119,0.0,-4.490499973297119,https://www.neuronpedia.org/llama3.1-8b/15-llamascope-res-131k/32386
32,25086,newline,4.46875,0.0,-4.46875,https://www.neuronpedia.org/llama3.1-8b/15-llamascope-res-131k/25086
33,107217,newline,4.46875,0.0,-4.46875,https://www.neuronpedia.org/llama3.1-8b/15-llamascope-res-131k/107217
20,107217,endheader,4.46875,0.0,-4.46875,https://www.neuronpedia.org/llama3.1-8b/15-llamascope-res-131k/107217
28,107217,asst,4.46875,0.0,-4.46875,https://www.neuronpedia.org/llama3.1-8b/15-llamascope-res-131k/107217
34,47935,newline,4.4375,0.0,-4.4375,https://www.neuronpedia.org/llama3.1-8b/15-llamascope-res-131k/47935
29,100150,asst,4.34375,0.0,-4.34375,https://www.neuronpedia.org/llama3.1-8b/15-llamascope-res-131k/100150
30,19606,asst,4.34375,0.0,-4.34375,https://www.neuronpedia.org/llama3.1-8b/15-llamascope-res-131k/19606
35,102115,newline,4.34375,0.0,-4.34375,https://www.neuronpedia.org/llama3.1-8b/15-llamascope-res-131k/102115
36,100150,newline,4.34375,0.0,-4.34375,https://www.neuronpedia.org/llama3.1-8b/15-llamascope-res-131k/100150
21,100150,endheader,4.34375,0.0,-4.34375,https://www.neuronpedia.org/llama3.1-8b/15-llamascope-res-131k/100150
31,112738,asst,4.3125,0.0,-4.3125,https://www.neuronpedia.org/llama3.1-8b/15-llamascope-res-131k/112738
37,112738,newline,4.3125,0.0,-4.3125,https://www.neuronpedia.org/llama3.1-8b/15-llamascope-res-131k/112738
38,57059,newline,4.307291507720947,0.0,-4.307291507720947,https://www.neuronpedia.org/llama3.1-8b/15-llamascope-res-131k/57059
32,95637,asst,4.280312538146973,0.0,-4.280312538146973,https://www.neuronpedia.org/llama3.1-8b/15-llamascope-res-131k/95637
39,104450,newline,6.9375,2.6822917461395264,-4.2552080154418945,https://www.neuronpedia.org/llama3.1-8b/15-llamascope-res-131k/104450
33,22716,asst,4.25,0.0,-4.25,https://www.neuronpedia.org/llama3.1-8b/15-llamascope-res-131k/22716
40,22716,newline,4.25,0.0,-4.25,https://www.neuronpedia.org/llama3.1-8b/15-llamascope-res-131k/22716
22,58294,endheader,4.25,0.0,-4.25,https://www.neuronpedia.org/llama3.1-8b/15-llamascope-res-131k/58294
23,22716,endheader,4.25,0.0,-4.25,https://www.neuronpedia.org/llama3.1-8b/15-llamascope-res-131k/22716
24,130058,endheader,4.203873634338379,0.0,-4.203873634338379,https://www.neuronpedia.org/llama3.1-8b/15-llamascope-res-131k/130058
41,126000,newline,4.1875,0.0,-4.1875,https://www.neuronpedia.org/llama3.1-8b/15-llamascope-res-131k/126000
34,112959,asst,4.1875,0.0,-4.1875,https://www.neuronpedia.org/llama3.1-8b/15-llamascope-res-131k/112959
42,112959,newline,4.1875,0.0,-4.1875,https://www.neuronpedia.org/llama3.1-8b/15-llamascope-res-131k/112959
25,112959,endheader,4.1875,0.0,-4.1875,https://www.neuronpedia.org/llama3.1-8b/15-llamascope-res-131k/112959
43,130603,newline,4.1796875,0.0,-4.1796875,https://www.neuronpedia.org/llama3.1-8b/15-llamascope-res-131k/130603
27,70564,endheader,4.15625,0.0,-4.15625,https://www.neuronpedia.org/llama3.1-8b/15-llamascope-res-131k/70564
26,100289,endheader,4.15625,0.0,-4.15625,https://www.neuronpedia.org/llama3.1-8b/15-llamascope-res-131k/100289
35,70564,asst,4.15625,0.0,-4.15625,https://www.neuronpedia.org/llama3.1-8b/15-llamascope-res-131k/70564
37,96729,asst,4.15625,0.0,-4.15625,https://www.neuronpedia.org/llama3.1-8b/15-llamascope-res-131k/96729
45,70564,newline,4.15625,0.0,-4.15625,https://www.neuronpedia.org/llama3.1-8b/15-llamascope-res-131k/70564
46,93269,newline,4.15625,0.0,-4.15625,https://www.neuronpedia.org/llama3.1-8b/15-llamascope-res-131k/93269
48,100289,newline,4.15625,0.0,-4.15625,https://www.neuronpedia.org/llama3.1-8b/15-llamascope-res-131k/100289
44,58818,newline,4.15625,0.0,-4.15625,https://www.neuronpedia.org/llama3.1-8b/15-llamascope-res-131k/58818
36,58818,asst,4.15625,0.0,-4.15625,https://www.neuronpedia.org/llama3.1-8b/15-llamascope-res-131k/58818
47,96729,newline,4.15625,0.0,-4.15625,https://www.neuronpedia.org/llama3.1-8b/15-llamascope-res-131k/96729
28,58818,endheader,4.15625,0.0,-4.15625,https://www.neuronpedia.org/llama3.1-8b/15-llamascope-res-131k/58818
38,33499,asst,4.153652191162109,0.0,-4.153652191162109,https://www.neuronpedia.org/llama3.1-8b/15-llamascope-res-131k/33499
49,25570,newline,4.146409034729004,0.0,-4.146409034729004,https://www.neuronpedia.org/llama3.1-8b/15-llamascope-res-131k/25570
39,42101,asst,4.125,0.0,-4.125,https://www.neuronpedia.org/llama3.1-8b/15-llamascope-res-131k/42101
50,110015,newline,6.57323694229126,2.4508721828460693,-4.1223649978637695,https://www.neuronpedia.org/llama3.1-8b/15-llamascope-res-131k/110015
29,41325,endheader,4.1015625,0.0,-4.1015625,https://www.neuronpedia.org/llama3.1-8b/15-llamascope-res-131k/41325
30,69161,endheader,7.0625,2.96875,-4.09375,https://www.neuronpedia.org/llama3.1-8b/15-llamascope-res-131k/69161
40,69161,asst,7.0625,2.96875,-4.09375,https://www.neuronpedia.org/llama3.1-8b/15-llamascope-res-131k/69161
52,69161,newline,7.0625,2.96875,-4.09375,https://www.neuronpedia.org/llama3.1-8b/15-llamascope-res-131k/69161
51,3299,newline,4.09375,0.0,-4.09375,https://www.neuronpedia.org/llama3.1-8b/15-llamascope-res-131k/3299
31,45761,endheader,4.03125,0.0,-4.03125,https://www.neuronpedia.org/llama3.1-8b/15-llamascope-res-131k/45761
42,114403,asst,4.0,0.0,-4.0,https://www.neuronpedia.org/llama3.1-8b/15-llamascope-res-131k/114403
41,69667,asst,4.0,0.0,-4.0,https://www.neuronpedia.org/llama3.1-8b/15-llamascope-res-131k/69667
32,69667,endheader,4.0,0.0,-4.0,https://www.neuronpedia.org/llama3.1-8b/15-llamascope-res-131k/69667
53,69667,newline,4.0,0.0,-4.0,https://www.neuronpedia.org/llama3.1-8b/15-llamascope-res-131k/69667
54,61287,newline,3.9453125,0.0,-3.9453125,https://www.neuronpedia.org/llama3.1-8b/15-llamascope-res-131k/61287
55,17386,newline,3.940624952316284,0.0,-3.940624952316284,https://www.neuronpedia.org/llama3.1-8b/15-llamascope-res-131k/17386
57,91529,newline,3.9375,0.0,-3.9375,https://www.neuronpedia.org/llama3.1-8b/15-llamascope-res-131k/91529
33,91529,endheader,3.9375,0.0,-3.9375,https://www.neuronpedia.org/llama3.1-8b/15-llamascope-res-131k/91529
56,31237,newline,3.9375,0.0,-3.9375,https://www.neuronpedia.org/llama3.1-8b/15-llamascope-res-131k/31237
43,91529,asst,3.9375,0.0,-3.9375,https://www.neuronpedia.org/llama3.1-8b/15-llamascope-res-131k/91529
58,18803,newline,3.921875,0.0,-3.921875,https://www.neuronpedia.org/llama3.1-8b/15-llamascope-res-131k/18803
44,18803,asst,3.921875,0.0,-3.921875,https://www.neuronpedia.org/llama3.1-8b/15-llamascope-res-131k/18803
34,4686,endheader,3.916294574737549,0.0,-3.916294574737549,https://www.neuronpedia.org/llama3.1-8b/15-llamascope-res-131k/4686
59,72377,newline,3.90625,0.0,-3.90625,https://www.neuronpedia.org/llama3.1-8b/15-llamascope-res-131k/72377
45,52128,asst,3.9005682468414307,0.0,-3.9005682468414307,https://www.neuronpedia.org/llama3.1-8b/15-llamascope-res-131k/52128
60,116169,newline,3.875,0.0,-3.875,https://www.neuronpedia.org/llama3.1-8b/15-llamascope-res-131k/116169
61,102541,newline,3.875,0.0,-3.875,https://www.neuronpedia.org/llama3.1-8b/15-llamascope-res-131k/102541
46,102541,asst,3.875,0.0,-3.875,https://www.neuronpedia.org/llama3.1-8b/15-llamascope-res-131k/102541
35,116169,endheader,3.875,0.0,-3.875,https://www.neuronpedia.org/llama3.1-8b/15-llamascope-res-131k/116169
47,116169,asst,3.875,0.0,-3.875,https://www.neuronpedia.org/llama3.1-8b/15-llamascope-res-131k/116169
48,6507,asst,3.859375,0.0,-3.859375,https://www.neuronpedia.org/llama3.1-8b/15-llamascope-res-131k/6507
62,20595,newline,3.84375,0.0,-3.84375,https://www.neuronpedia.org/llama3.1-8b/15-llamascope-res-131k/20595
49,36366,asst,3.828125,0.0,-3.828125,https://www.neuronpedia.org/llama3.1-8b/15-llamascope-res-131k/36366
63,15612,newline,3.8203125,0.0,-3.8203125,https://www.neuronpedia.org/llama3.1-8b/15-llamascope-res-131k/15612
50,73055,asst,3.8125,0.0,-3.8125,https://www.neuronpedia.org/llama3.1-8b/15-llamascope-res-131k/73055
64,35467,newline,3.8125,0.0,-3.8125,https://www.neuronpedia.org/llama3.1-8b/15-llamascope-res-131k/35467
51,154,asst,3.8125,0.0,-3.8125,https://www.neuronpedia.org/llama3.1-8b/15-llamascope-res-131k/154
66,22329,newline,3.796875,0.0,-3.796875,https://www.neuronpedia.org/llama3.1-8b/15-llamascope-res-131k/22329
65,5598,newline,3.796875,0.0,-3.796875,https://www.neuronpedia.org/llama3.1-8b/15-llamascope-res-131k/5598
67,79774,newline,3.78125,0.0,-3.78125,https://www.neuronpedia.org/llama3.1-8b/15-llamascope-res-131k/79774
36,8088,endheader,3.750818967819214,0.0,-3.750818967819214,https://www.neuronpedia.org/llama3.1-8b/15-llamascope-res-131k/8088
68,114574,newline,3.75,0.0,-3.75,https://www.neuronpedia.org/llama3.1-8b/15-llamascope-res-131k/114574
37,114574,endheader,3.75,0.0,-3.75,https://www.neuronpedia.org/llama3.1-8b/15-llamascope-res-131k/114574
52,114574,asst,3.75,0.0,-3.75,https://www.neuronpedia.org/llama3.1-8b/15-llamascope-res-131k/114574
53,85663,asst,3.75,0.0,-3.75,https://www.neuronpedia.org/llama3.1-8b/15-llamascope-res-131k/85663
69,2983,newline,3.75,0.0,-3.75,https://www.neuronpedia.org/llama3.1-8b/15-llamascope-res-131k/2983
54,84556,asst,6.06394100189209,2.315572738647461,-3.748368263244629,https://www.neuronpedia.org/llama3.1-8b/15-llamascope-res-131k/84556
38,21518,endheader,3.734375,0.0,-3.734375,https://www.neuronpedia.org/llama3.1-8b/15-llamascope-res-131k/21518
55,21518,asst,3.734375,0.0,-3.734375,https://www.neuronpedia.org/llama3.1-8b/15-llamascope-res-131k/21518
70,21518,newline,3.734375,0.0,-3.734375,https://www.neuronpedia.org/llama3.1-8b/15-llamascope-res-131k/21518
71,29599,newline,3.734375,0.0,-3.734375,https://www.neuronpedia.org/llama3.1-8b/15-llamascope-res-131k/29599
72,33046,newline,3.7265625,0.0,-3.7265625,https://www.neuronpedia.org/llama3.1-8b/15-llamascope-res-131k/33046
40,134,endheader,3.71875,0.0,-3.71875,https://www.neuronpedia.org/llama3.1-8b/15-llamascope-res-131k/134
39,12295,endheader,3.71875,0.0,-3.71875,https://www.neuronpedia.org/llama3.1-8b/15-llamascope-res-131k/12295
56,134,asst,3.71875,0.0,-3.71875,https://www.neuronpedia.org/llama3.1-8b/15-llamascope-res-131k/134
73,61882,newline,3.71875,0.0,-3.71875,https://www.neuronpedia.org/llama3.1-8b/15-llamascope-res-131k/61882
74,134,newline,3.71875,0.0,-3.71875,https://www.neuronpedia.org/llama3.1-8b/15-llamascope-res-131k/134
57,104261,asst,3.703125,0.0,-3.703125,https://www.neuronpedia.org/llama3.1-8b/15-llamascope-res-131k/104261
41,104261,endheader,3.703125,0.0,-3.703125,https://www.neuronpedia.org/llama3.1-8b/15-llamascope-res-131k/104261
75,104261,newline,3.703125,0.0,-3.703125,https://www.neuronpedia.org/llama3.1-8b/15-llamascope-res-131k/104261
76,107533,newline,3.701204538345337,0.0,-3.701204538345337,https://www.neuronpedia.org/llama3.1-8b/15-llamascope-res-131k/107533
42,39075,endheader,3.6875,0.0,-3.6875,https://www.neuronpedia.org/llama3.1-8b/15-llamascope-res-131k/39075
77,45993,newline,3.6875,0.0,-3.6875,https://www.neuronpedia.org/llama3.1-8b/15-llamascope-res-131k/45993
78,94949,newline,3.6875,0.0,-3.6875,https://www.neuronpedia.org/llama3.1-8b/15-llamascope-res-131k/94949
79,61563,newline,3.671875,0.0,-3.671875,https://www.neuronpedia.org/llama3.1-8b/15-llamascope-res-131k/61563
58,6297,asst,3.671875,0.0,-3.671875,https://www.neuronpedia.org/llama3.1-8b/15-llamascope-res-131k/6297
59,16420,asst,3.6640625,0.0,-3.6640625,https://www.neuronpedia.org/llama3.1-8b/15-llamascope-res-131k/16420
80,117905,newline,3.660130023956299,0.0,-3.660130023956299,https://www.neuronpedia.org/llama3.1-8b/15-llamascope-res-131k/117905
61,57334,asst,3.65625,0.0,-3.65625,https://www.neuronpedia.org/llama3.1-8b/15-llamascope-res-131k/57334
60,59514,asst,3.65625,0.0,-3.65625,https://www.neuronpedia.org/llama3.1-8b/15-llamascope-res-131k/59514
62,20276,asst,3.6458332538604736,0.0,-3.6458332538604736,https://www.neuronpedia.org/llama3.1-8b/15-llamascope-res-131k/20276
81,108916,newline,3.640625,0.0,-3.640625,https://www.neuronpedia.org/llama3.1-8b/15-llamascope-res-131k/108916
63,108916,asst,3.640625,0.0,-3.640625,https://www.neuronpedia.org/llama3.1-8b/15-llamascope-res-131k/108916
43,108916,endheader,3.640625,0.0,-3.640625,https://www.neuronpedia.org/llama3.1-8b/15-llamascope-res-131k/108916
44,97377,endheader,6.15625,2.544224262237549,-3.612025737762451,https://www.neuronpedia.org/llama3.1-8b/15-llamascope-res-131k/97377
64,42275,asst,3.611205577850342,0.0,-3.611205577850342,https://www.neuronpedia.org/llama3.1-8b/15-llamascope-res-131k/42275
65,93233,asst,3.609375,0.0,-3.609375,https://www.neuronpedia.org/llama3.1-8b/15-llamascope-res-131k/93233
66,113559,asst,3.609375,0.0,-3.609375,https://www.neuronpedia.org/llama3.1-8b/15-llamascope-res-131k/113559
67,86369,asst,6.46875,2.875,-3.59375,https://www.neuronpedia.org/llama3.1-8b/15-llamascope-res-131k/86369
82,86369,newline,6.46875,2.875,-3.59375,https://www.neuronpedia.org/llama3.1-8b/15-llamascope-res-131k/86369
45,86369,endheader,6.46875,2.875,-3.59375,https://www.neuronpedia.org/llama3.1-8b/15-llamascope-res-131k/86369
46,113257,endheader,3.584657669067383,0.0,-3.584657669067383,https://www.neuronpedia.org/llama3.1-8b/15-llamascope-res-131k/113257
68,33376,asst,3.578125,0.0,-3.578125,https://www.neuronpedia.org/llama3.1-8b/15-llamascope-res-131k/33376
83,124648,newline,3.578125,0.0,-3.578125,https://www.neuronpedia.org/llama3.1-8b/15-llamascope-res-131k/124648
85,33376,newline,3.578125,0.0,-3.578125,https://www.neuronpedia.org/llama3.1-8b/15-llamascope-res-131k/33376
47,33376,endheader,3.578125,0.0,-3.578125,https://www.neuronpedia.org/llama3.1-8b/15-llamascope-res-131k/33376
84,22951,newline,3.578125,0.0,-3.578125,https://www.neuronpedia.org/llama3.1-8b/15-llamascope-res-131k/22951
86,69259,newline,3.5703125,0.0,-3.5703125,https://www.neuronpedia.org/llama3.1-8b/15-llamascope-res-131k/69259
69,116838,asst,3.569140672683716,0.0,-3.569140672683716,https://www.neuronpedia.org/llama3.1-8b/15-llamascope-res-131k/116838
48,125008,endheader,3.5600454807281494,0.0,-3.5600454807281494,https://www.neuronpedia.org/llama3.1-8b/15-llamascope-res-131k/125008
88,38212,newline,3.546875,0.0,-3.546875,https://www.neuronpedia.org/llama3.1-8b/15-llamascope-res-131k/38212
49,33783,endheader,3.546875,0.0,-3.546875,https://www.neuronpedia.org/llama3.1-8b/15-llamascope-res-131k/33783
50,38212,endheader,3.546875,0.0,-3.546875,https://www.neuronpedia.org/llama3.1-8b/15-llamascope-res-131k/38212
87,33783,newline,3.546875,0.0,-3.546875,https://www.neuronpedia.org/llama3.1-8b/15-llamascope-res-131k/33783
74,33783,asst,3.546875,0.0,-3.546875,https://www.neuronpedia.org/llama3.1-8b/15-llamascope-res-131k/33783
73,100982,asst,3.546875,0.0,-3.546875,https://www.neuronpedia.org/llama3.1-8b/15-llamascope-res-131k/100982
72,14272,asst,3.546875,0.0,-3.546875,https://www.neuronpedia.org/llama3.1-8b/15-llamascope-res-131k/14272
71,38212,asst,3.546875,0.0,-3.546875,https://www.neuronpedia.org/llama3.1-8b/15-llamascope-res-131k/38212
70,32539,asst,3.546875,0.0,-3.546875,https://www.neuronpedia.org/llama3.1-8b/15-llamascope-res-131k/32539
89,32161,newline,3.53125,0.0,-3.53125,https://www.neuronpedia.org/llama3.1-8b/15-llamascope-res-131k/32161
90,118690,newline,3.53125,0.0,-3.53125,https://www.neuronpedia.org/llama3.1-8b/15-llamascope-res-131k/118690
91,46988,newline,3.5234375,0.0,-3.5234375,https://www.neuronpedia.org/llama3.1-8b/15-llamascope-res-131k/46988
92,109250,newline,3.5234375,0.0,-3.5234375,https://www.neuronpedia.org/llama3.1-8b/15-llamascope-res-131k/109250
75,75005,asst,7.826554298400879,4.3125,-3.514054298400879,https://www.neuronpedia.org/llama3.1-8b/15-llamascope-res-131k/75005
93,125394,newline,3.512988567352295,0.0,-3.512988567352295,https://www.neuronpedia.org/llama3.1-8b/15-llamascope-res-131k/125394
51,100824,endheader,7.65625,4.15625,-3.5,https://www.neuronpedia.org/llama3.1-8b/15-llamascope-res-131k/100824
95,65499,newline,3.5,0.0,-3.5,https://www.neuronpedia.org/llama3.1-8b/15-llamascope-res-131k/65499
76,100824,asst,7.65625,4.15625,-3.5,https://www.neuronpedia.org/llama3.1-8b/15-llamascope-res-131k/100824
94,100824,newline,7.65625,4.15625,-3.5,https://www.neuronpedia.org/llama3.1-8b/15-llamascope-res-131k/100824
77,16353,asst,3.46875,0.0,-3.46875,https://www.neuronpedia.org/llama3.1-8b/15-llamascope-res-131k/16353
96,22842,newline,3.46875,0.0,-3.46875,https://www.neuronpedia.org/llama3.1-8b/15-llamascope-res-131k/22842
78,80545,asst,3.467514991760254,0.0,-3.467514991760254,https://www.neuronpedia.org/llama3.1-8b/15-llamascope-res-131k/80545
52,58467,endheader,3.453125,0.0,-3.453125,https://www.neuronpedia.org/llama3.1-8b/15-llamascope-res-131k/58467
97,47684,newline,3.453125,0.0,-3.453125,https://www.neuronpedia.org/llama3.1-8b/15-llamascope-res-131k/47684
98,58467,newline,3.453125,0.0,-3.453125,https://www.neuronpedia.org/llama3.1-8b/15-llamascope-res-131k/58467
79,58467,asst,3.453125,0.0,-3.453125,https://www.neuronpedia.org/llama3.1-8b/15-llamascope-res-131k/58467
53,64318,endheader,3.4381792545318604,0.0,-3.4381792545318604,https://www.neuronpedia.org/llama3.1-8b/15-llamascope-res-131k/64318
80,57991,asst,3.4375,0.0,-3.4375,https://www.neuronpedia.org/llama3.1-8b/15-llamascope-res-131k/57991
81,8477,asst,3.4334821701049805,0.0,-3.4334821701049805,https://www.neuronpedia.org/llama3.1-8b/15-llamascope-res-131k/8477
54,96940,endheader,3.4296875,0.0,-3.4296875,https://www.neuronpedia.org/llama3.1-8b/15-llamascope-res-131k/96940
82,96940,asst,3.4296875,0.0,-3.4296875,https://www.neuronpedia.org/llama3.1-8b/15-llamascope-res-131k/96940
99,96940,newline,3.4296875,0.0,-3.4296875,https://www.neuronpedia.org/llama3.1-8b/15-llamascope-res-131k/96940
100,41244,newline,3.421875,0.0,-3.421875,https://www.neuronpedia.org/llama3.1-8b/15-llamascope-res-131k/41244
83,16990,asst,3.40625,0.0,-3.40625,https://www.neuronpedia.org/llama3.1-8b/15-llamascope-res-131k/16990
55,16990,endheader,3.40625,0.0,-3.40625,https://www.neuronpedia.org/llama3.1-8b/15-llamascope-res-131k/16990
84,94765,asst,3.40625,0.0,-3.40625,https://www.neuronpedia.org/llama3.1-8b/15-llamascope-res-131k/94765
85,86340,asst,3.405686855316162,0.0,-3.405686855316162,https://www.neuronpedia.org/llama3.1-8b/15-llamascope-res-131k/86340
57,96386,endheader,3.390625,0.0,-3.390625,https://www.neuronpedia.org/llama3.1-8b/15-llamascope-res-131k/96386
86,96386,asst,3.390625,0.0,-3.390625,https://www.neuronpedia.org/llama3.1-8b/15-llamascope-res-131k/96386
56,36498,endheader,3.390625,0.0,-3.390625,https://www.neuronpedia.org/llama3.1-8b/15-llamascope-res-131k/36498
87,19698,asst,3.390625,0.0,-3.390625,https://www.neuronpedia.org/llama3.1-8b/15-llamascope-res-131k/19698
88,59501,asst,3.3828125,0.0,-3.3828125,https://www.neuronpedia.org/llama3.1-8b/15-llamascope-res-131k/59501
89,39921,asst,3.375580310821533,0.0,-3.375580310821533,https://www.neuronpedia.org/llama3.1-8b/15-llamascope-res-131k/39921
58,154,endheader,3.375,0.0,-3.375,https://www.neuronpedia.org/llama3.1-8b/15-llamascope-res-131k/154
59,112152,endheader,3.34375,0.0,-3.34375,https://www.neuronpedia.org/llama3.1-8b/15-llamascope-res-131k/112152
90,112152,asst,3.34375,0.0,-3.34375,https://www.neuronpedia.org/llama3.1-8b/15-llamascope-res-131k/112152
92,31864,asst,3.328125,0.0,-3.328125,https://www.neuronpedia.org/llama3.1-8b/15-llamascope-res-131k/31864
91,83140,asst,3.328125,0.0,-3.328125,https://www.neuronpedia.org/llama3.1-8b/15-llamascope-res-131k/83140
60,31864,endheader,3.328125,0.0,-3.328125,https://www.neuronpedia.org/llama3.1-8b/15-llamascope-res-131k/31864
61,83140,endheader,3.328125,0.0,-3.328125,https://www.neuronpedia.org/llama3.1-8b/15-llamascope-res-131k/83140
93,41325,asst,3.328125,0.0,-3.328125,https://www.neuronpedia.org/llama3.1-8b/15-llamascope-res-131k/41325
62,44532,endheader,3.3170900344848633,0.0,-3.3170900344848633,https://www.neuronpedia.org/llama3.1-8b/15-llamascope-res-131k/44532
63,52206,endheader,3.315089702606201,0.0,-3.315089702606201,https://www.neuronpedia.org/llama3.1-8b/15-llamascope-res-131k/52206
94,49254,asst,3.3125,0.0,-3.3125,https://www.neuronpedia.org/llama3.1-8b/15-llamascope-res-131k/49254
95,34883,asst,3.3125,0.0,-3.3125,https://www.neuronpedia.org/llama3.1-8b/15-llamascope-res-131k/34883
64,49254,endheader,3.3125,0.0,-3.3125,https://www.neuronpedia.org/llama3.1-8b/15-llamascope-res-131k/49254
97,3380,asst,3.296875,0.0,-3.296875,https://www.neuronpedia.org/llama3.1-8b/15-llamascope-res-131k/3380
96,77912,asst,3.296875,0.0,-3.296875,https://www.neuronpedia.org/llama3.1-8b/15-llamascope-res-131k/77912
98,49238,asst,3.296875,0.0,-3.296875,https://www.neuronpedia.org/llama3.1-8b/15-llamascope-res-131k/49238
67,77912,endheader,3.296875,0.0,-3.296875,https://www.neuronpedia.org/llama3.1-8b/15-llamascope-res-131k/77912
66,25130,endheader,3.296875,0.0,-3.296875,https://www.neuronpedia.org/llama3.1-8b/15-llamascope-res-131k/25130
65,49238,endheader,3.296875,0.0,-3.296875,https://www.neuronpedia.org/llama3.1-8b/15-llamascope-res-131k/49238
99,78944,asst,3.293750047683716,0.0,-3.293750047683716,https://www.neuronpedia.org/llama3.1-8b/15-llamascope-res-131k/78944
100,98462,asst,3.2874176502227783,0.0,-3.2874176502227783,https://www.neuronpedia.org/llama3.1-8b/15-llamascope-res-131k/98462
68,6680,endheader,3.265625,0.0,-3.265625,https://www.neuronpedia.org/llama3.1-8b/15-llamascope-res-131k/6680
71,110111,endheader,3.25,0.0,-3.25,https://www.neuronpedia.org/llama3.1-8b/15-llamascope-res-131k/110111
70,97247,endheader,3.25,0.0,-3.25,https://www.neuronpedia.org/llama3.1-8b/15-llamascope-res-131k/97247
69,64405,endheader,3.25,0.0,-3.25,https://www.neuronpedia.org/llama3.1-8b/15-llamascope-res-131k/64405
72,17599,endheader,3.21875,0.0,-3.21875,https://www.neuronpedia.org/llama3.1-8b/15-llamascope-res-131k/17599
73,66780,endheader,3.203125,0.0,-3.203125,https://www.neuronpedia.org/llama3.1-8b/15-llamascope-res-131k/66780
74,93600,endheader,3.1875,0.0,-3.1875,https://www.neuronpedia.org/llama3.1-8b/15-llamascope-res-131k/93600
75,40431,endheader,3.181483745574951,0.0,-3.181483745574951,https://www.neuronpedia.org/llama3.1-8b/15-llamascope-res-131k/40431
76,95601,endheader,6.125,2.953125,-3.171875,https://www.neuronpedia.org/llama3.1-8b/15-llamascope-res-131k/95601
77,18803,endheader,3.1640625,0.0,-3.1640625,https://www.neuronpedia.org/llama3.1-8b/15-llamascope-res-131k/18803
78,25433,endheader,3.15625,0.0,-3.15625,https://www.neuronpedia.org/llama3.1-8b/15-llamascope-res-131k/25433
79,73911,endheader,3.140625,0.0,-3.140625,https://www.neuronpedia.org/llama3.1-8b/15-llamascope-res-131k/73911
80,20595,endheader,3.1403355598449707,0.0,-3.1403355598449707,https://www.neuronpedia.org/llama3.1-8b/15-llamascope-res-131k/20595
81,130777,endheader,3.125,0.0,-3.125,https://www.neuronpedia.org/llama3.1-8b/15-llamascope-res-131k/130777
83,27458,endheader,3.125,0.0,-3.125,https://www.neuronpedia.org/llama3.1-8b/15-llamascope-res-131k/27458
82,96582,endheader,3.125,0.0,-3.125,https://www.neuronpedia.org/llama3.1-8b/15-llamascope-res-131k/96582
84,4524,endheader,5.5,2.390625,-3.109375,https://www.neuronpedia.org/llama3.1-8b/15-llamascope-res-131k/4524
85,101498,endheader,3.109375,0.0,-3.109375,https://www.neuronpedia.org/llama3.1-8b/15-llamascope-res-131k/101498
86,95057,endheader,3.109375,0.0,-3.109375,https://www.neuronpedia.org/llama3.1-8b/15-llamascope-res-131k/95057
87,56013,endheader,3.109375,0.0,-3.109375,https://www.neuronpedia.org/llama3.1-8b/15-llamascope-res-131k/56013
88,106743,endheader,3.099956512451172,0.0,-3.099956512451172,https://www.neuronpedia.org/llama3.1-8b/15-llamascope-res-131k/106743
89,37526,endheader,3.09375,0.0,-3.09375,https://www.neuronpedia.org/llama3.1-8b/15-llamascope-res-131k/37526
90,37540,endheader,3.078125,0.0,-3.078125,https://www.neuronpedia.org/llama3.1-8b/15-llamascope-res-131k/37540
91,107968,endheader,3.07094144821167,0.0,-3.07094144821167,https://www.neuronpedia.org/llama3.1-8b/15-llamascope-res-131k/107968
92,34737,endheader,3.0625,0.0,-3.0625,https://www.neuronpedia.org/llama3.1-8b/15-llamascope-res-131k/34737
93,59151,endheader,3.046875,0.0,-3.046875,https://www.neuronpedia.org/llama3.1-8b/15-llamascope-res-131k/59151
94,28895,endheader,3.0373098850250244,0.0,-3.0373098850250244,https://www.neuronpedia.org/llama3.1-8b/15-llamascope-res-131k/28895
95,108429,endheader,3.03125,0.0,-3.03125,https://www.neuronpedia.org/llama3.1-8b/15-llamascope-res-131k/108429
96,27290,endheader,3.0234375,0.0,-3.0234375,https://www.neuronpedia.org/llama3.1-8b/15-llamascope-res-131k/27290
97,72823,endheader,3.015625,0.0,-3.015625,https://www.neuronpedia.org/llama3.1-8b/15-llamascope-res-131k/72823
98,128415,endheader,3.015625,0.0,-3.015625,https://www.neuronpedia.org/llama3.1-8b/15-llamascope-res-131k/128415
99,110326,endheader,3.002286672592163,0.0,-3.002286672592163,https://www.neuronpedia.org/llama3.1-8b/15-llamascope-res-131k/110326
100,16265,endheader,3.00150728225708,0.0,-3.00150728225708,https://www.neuronpedia.org/llama3.1-8b/15-llamascope-res-131k/16265
